ImMoney,DelayMoney,DelayDays
$48 ,$49 ,in 15 days
$55 ,$62 ,in 97 days
$20 ,$37 ,in 32 days
$54 ,$55 ,in 117 days
$50 ,$65 ,in 61 days
$19 ,$25 ,in 53 days
$30 ,$45 ,in 7 days
$14 ,$25 ,in 19 days
$47 ,$50 ,in 160 days
$15 ,$35 ,in 13 days
$25 ,$60 ,in 14 days
$35 ,$63 ,in 162 days
$40 ,$55 ,in 62 days
$11 ,$30 ,in 7 days
$52 ,$65 ,in 119 days
$34 ,$35 ,in 18 days
$27 ,$50 ,in 21 days
$39 ,$61 ,in 91 days
$49 ,$60 ,in 89 days
$40 ,$65 ,in 15 days
$24 ,$35 ,in 29 days
$32 ,$56 ,in 14 days
$28 ,$30 ,in 179 days
$34 ,$50 ,in 30 days
$25 ,$30 ,in 80 days
$45 ,$65 ,in 20 days
$54 ,$60 ,in 111 days
$32 ,$44 ,in 30 days
$22 ,$25 ,in 136 days
$20 ,$55 ,in 7 days
$42 ,$45 ,in 15 days
$30 ,$52 ,in 14 days
$54 ,$60 ,in 186 days
$35 ,$64 ,in 31 days
$40 ,$55 ,in 50 days
$11 ,$30 ,in 25 days
$52 ,$65 ,in 2 days
$34 ,$35 ,in 60 days
$27 ,$50 ,in 7 days
$36 ,$60 ,in 16 days
$50 ,$60 ,in 3 days
$55 ,$65 ,in 21 days
$20 ,$35 ,in 31 days
$33 ,$55 ,in 5 days
$28 ,$30 ,in 19 days
$38 ,$52 ,in 14 days
$25 ,$30 ,in 24 days
$40 ,$65 ,in 7 days
$54 ,$60 ,in 90 days
$32 ,$44 ,in 45 days
$22 ,$25 ,in 18 days
$20 ,$55 ,in 15 days
$41 ,$45 ,in 4 days
$35 ,$64 ,in 21 days
$40 ,$55 ,in 25 days
$10 ,$35 ,in 30 days
$52 ,$65 ,in 8 days
$34 ,$35 ,in 10 days
$27 ,$50 ,in 60 days
$39 ,$61 ,in 96 days
$49 ,$60 ,in 14 days
$60 ,$65 ,in 26 days
$24 ,$35 ,in 12 days
